{
    "train_loss": [
        0.6555244792556142,
        0.5891308194262974,
        0.5730445157821481,
        0.5580652396919673,
        0.5464974314653912
    ],
    "val_loss": [
        0.6244803134239081,
        0.6078181302908695,
        0.5908049819144335,
        0.5763120863473776,
        0.5646716437556527
    ],
    "val_metrics": [
        {
            "0": {
                "precision": 0.6756887385210246,
                "recall": 0.9865913902611151,
                "f1-score": 0.802065404475043,
                "support": 1417.0
            },
            "1": {
                "precision": 0.3870967741935484,
                "recall": 0.017569546120058566,
                "f1-score": 0.03361344537815126,
                "support": 683.0
            },
            "accuracy": 0.6714285714285714,
            "macro avg": {
                "precision": 0.5313927563572864,
                "recall": 0.5020804681905868,
                "f1-score": 0.41783942492659715,
                "support": 2100.0
            },
            "weighted avg": {
                "precision": 0.5818276377421359,
                "recall": 0.6714285714285714,
                "f1-score": 0.5521355530163874,
                "support": 2100.0
            },
            "confusion_matrix": [
                [
                    1398,
                    19
                ],
                [
                    671,
                    12
                ]
            ]
        },
        {
            "0": {
                "precision": 0.6748201438848921,
                "recall": 0.9929428369795342,
                "f1-score": 0.8035408338092519,
                "support": 1417.0
            },
            "1": {
                "precision": 0.3333333333333333,
                "recall": 0.007320644216691069,
                "f1-score": 0.014326647564469915,
                "support": 683.0
            },
            "accuracy": 0.6723809523809524,
            "macro avg": {
                "precision": 0.5040767386091127,
                "recall": 0.5001317405981126,
                "f1-score": 0.4089337406868609,
                "support": 2100.0
            },
            "weighted avg": {
                "precision": 0.5637556240721708,
                "recall": 0.6723809523809524,
                "f1-score": 0.5468583151401157,
                "support": 2100.0
            },
            "confusion_matrix": [
                [
                    1407,
                    10
                ],
                [
                    678,
                    5
                ]
            ]
        },
        {
            "0": {
                "precision": 0.6787790697674418,
                "recall": 0.9887085391672548,
                "f1-score": 0.8049411088767595,
                "support": 1417.0
            },
            "1": {
                "precision": 0.5555555555555556,
                "recall": 0.029282576866764276,
                "f1-score": 0.055632823365785816,
                "support": 683.0
            },
            "accuracy": 0.6766666666666666,
            "macro avg": {
                "precision": 0.6171673126614987,
                "recall": 0.5089955580170096,
                "f1-score": 0.43028696612127265,
                "support": 2100.0
            },
            "weighted avg": {
                "precision": 0.6387020887166236,
                "recall": 0.6766666666666666,
                "f1-score": 0.5612375093510477,
                "support": 2100.0
            },
            "confusion_matrix": [
                [
                    1401,
                    16
                ],
                [
                    663,
                    20
                ]
            ]
        },
        {
            "0": {
                "precision": 0.6903096903096904,
                "recall": 0.9752999294283698,
                "f1-score": 0.8084235156478502,
                "support": 1417.0
            },
            "1": {
                "precision": 0.6428571428571429,
                "recall": 0.09224011713030747,
                "f1-score": 0.1613316261203585,
                "support": 683.0
            },
            "accuracy": 0.6880952380952381,
            "macro avg": {
                "precision": 0.6665834165834166,
                "recall": 0.5337700232793386,
                "f1-score": 0.4848775708841043,
                "support": 2100.0
            },
            "weighted avg": {
                "precision": 0.6748763141620285,
                "recall": 0.6880952380952381,
                "f1-score": 0.5979645820539088,
                "support": 2100.0
            },
            "confusion_matrix": [
                [
                    1382,
                    35
                ],
                [
                    620,
                    63
                ]
            ]
        },
        {
            "0": {
                "precision": 0.7000513610683102,
                "recall": 0.9618913196894848,
                "f1-score": 0.8103448275862069,
                "support": 1417.0
            },
            "1": {
                "precision": 0.6470588235294118,
                "recall": 0.14494875549048317,
                "f1-score": 0.23684210526315788,
                "support": 683.0
            },
            "accuracy": 0.6961904761904761,
            "macro avg": {
                "precision": 0.673555092298861,
                "recall": 0.553420037589984,
                "f1-score": 0.5235934664246824,
                "support": 2100.0
            },
            "weighted avg": {
                "precision": 0.6828161690973257,
                "recall": 0.6961904761904761,
                "f1-score": 0.6238198945639962,
                "support": 2100.0
            },
            "confusion_matrix": [
                [
                    1363,
                    54
                ],
                [
                    584,
                    99
                ]
            ]
        }
    ],
    "learning_rates": [
        8.000000000000001e-07,
        9.259016393442624e-07,
        1.0518032786885248e-06,
        1.177704918032787e-06,
        1.3036065573770492e-06
    ]
}