{
    "train_loss": [
        0.6092574073165558,
        0.5845239566281099,
        0.5667118843681261,
        0.5519503604511484
    ],
    "val_loss": [
        0.6176387189012585,
        0.5982774157415737,
        0.5811077157656351,
        0.5655804511272546
    ],
    "val_metrics": [
        {
            "0": {
                "precision": 0.674928503336511,
                "recall": 0.9992942836979535,
                "f1-score": 0.8056899004267425,
                "support": 1417.0
            },
            "1": {
                "precision": 0.5,
                "recall": 0.0014641288433382138,
                "f1-score": 0.00291970802919708,
                "support": 683.0
            },
            "accuracy": 0.6747619047619048,
            "macro avg": {
                "precision": 0.5874642516682556,
                "recall": 0.5003792062706458,
                "f1-score": 0.40430480422796977,
                "support": 2100.0
            },
            "weighted avg": {
                "precision": 0.6180350901084934,
                "recall": 0.6747619047619048,
                "f1-score": 0.5445984521374455,
                "support": 2100.0
            },
            "confusion_matrix": [
                [
                    1416,
                    1
                ],
                [
                    682,
                    1
                ]
            ]
        },
        {
            "0": {
                "precision": 0.6748084291187739,
                "recall": 0.9943542695836274,
                "f1-score": 0.8039942938659058,
                "support": 1417.0
            },
            "1": {
                "precision": 0.3333333333333333,
                "recall": 0.005856515373352855,
                "f1-score": 0.011510791366906475,
                "support": 683.0
            },
            "accuracy": 0.6728571428571428,
            "macro avg": {
                "precision": 0.5040708812260536,
                "recall": 0.5001053924784902,
                "f1-score": 0.40775254261640614,
                "support": 2100.0
            },
            "weighted avg": {
                "precision": 0.5637477193942712,
                "recall": 0.6728571428571428,
                "f1-score": 0.546248469005517,
                "support": 2100.0
            },
            "confusion_matrix": [
                [
                    1409,
                    8
                ],
                [
                    679,
                    4
                ]
            ]
        },
        {
            "0": {
                "precision": 0.6835443037974683,
                "recall": 0.9908256880733946,
                "f1-score": 0.8089887640449438,
                "support": 1417.0
            },
            "1": {
                "precision": 0.717391304347826,
                "recall": 0.048316251830161056,
                "f1-score": 0.09053497942386832,
                "support": 683.0
            },
            "accuracy": 0.6842857142857143,
            "macro avg": {
                "precision": 0.7004678040726472,
                "recall": 0.5195709699517778,
                "f1-score": 0.44976187173440607,
                "support": 2100.0
            },
            "weighted avg": {
                "precision": 0.6945526377859894,
                "recall": 0.6842857142857143,
                "f1-score": 0.5753202236181844,
                "support": 2100.0
            },
            "confusion_matrix": [
                [
                    1404,
                    13
                ],
                [
                    650,
                    33
                ]
            ]
        },
        {
            "0": {
                "precision": 0.6939698492462312,
                "recall": 0.9745942131263232,
                "f1-score": 0.8106838861168183,
                "support": 1417.0
            },
            "1": {
                "precision": 0.6727272727272727,
                "recall": 0.10834553440702782,
                "f1-score": 0.18663303909205547,
                "support": 683.0
            },
            "accuracy": 0.6928571428571428,
            "macro avg": {
                "precision": 0.683348560986752,
                "recall": 0.5414698737666755,
                "f1-score": 0.4986584626044369,
                "support": 2100.0
            },
            "weighted avg": {
                "precision": 0.6870609541212557,
                "recall": 0.6928571428571428,
                "f1-score": 0.6077187772987644,
                "support": 2100.0
            },
            "confusion_matrix": [
                [
                    1381,
                    36
                ],
                [
                    609,
                    74
                ]
            ]
        }
    ],
    "learning_rates": [
        8.000000000000001e-07,
        9.259016393442624e-07,
        1.0518032786885248e-06,
        1.177704918032787e-06
    ]
}