{
    "train_loss": [
        0.6300948638575418,
        0.5918824355091368,
        0.5731104304960796,
        0.5566866730792182,
        0.5425085805143629
    ],
    "val_loss": [
        0.6136171004988931,
        0.5902672423557802,
        0.5705335160548036,
        0.5541953288696029,
        0.5399021343751387
    ],
    "val_metrics": [
        {
            "0": {
                "precision": 0.6857962697274032,
                "recall": 0.9979123173277662,
                "f1-score": 0.8129251700680272,
                "support": 958.0
            },
            "1": {
                "precision": 0.6666666666666666,
                "recall": 0.00904977375565611,
                "f1-score": 0.017857142857142856,
                "support": 442.0
            },
            "accuracy": 0.6857142857142857,
            "macro avg": {
                "precision": 0.676231468197035,
                "recall": 0.5034810455417111,
                "f1-score": 0.41539115646258506,
                "support": 1400.0
            },
            "weighted avg": {
                "precision": 0.6797567807610849,
                "recall": 0.6857142857142857,
                "f1-score": 0.5619108357628766,
                "support": 1400.0
            },
            "confusion_matrix": [
                [
                    956,
                    2
                ],
                [
                    438,
                    4
                ]
            ]
        },
        {
            "0": {
                "precision": 0.6870064608758076,
                "recall": 0.9989561586638831,
                "f1-score": 0.8141216503615483,
                "support": 958.0
            },
            "1": {
                "precision": 0.8571428571428571,
                "recall": 0.013574660633484163,
                "f1-score": 0.026726057906458798,
                "support": 442.0
            },
            "accuracy": 0.6878571428571428,
            "macro avg": {
                "precision": 0.7720746590093324,
                "recall": 0.5062654096486836,
                "f1-score": 0.4204238541340035,
                "support": 1400.0
            },
            "weighted avg": {
                "precision": 0.7407209516972619,
                "recall": 0.6878571428571428,
                "f1-score": 0.5655296133150128,
                "support": 1400.0
            },
            "confusion_matrix": [
                [
                    957,
                    1
                ],
                [
                    436,
                    6
                ]
            ]
        },
        {
            "0": {
                "precision": 0.691970802919708,
                "recall": 0.9895615866388309,
                "f1-score": 0.8144329896907216,
                "support": 958.0
            },
            "1": {
                "precision": 0.6666666666666666,
                "recall": 0.04524886877828054,
                "f1-score": 0.0847457627118644,
                "support": 442.0
            },
            "accuracy": 0.6914285714285714,
            "macro avg": {
                "precision": 0.6793187347931873,
                "recall": 0.5174052277085557,
                "f1-score": 0.449589376201293,
                "support": 1400.0
            },
            "weighted avg": {
                "precision": 0.683981925616962,
                "recall": 0.6914285714285714,
                "f1-score": 0.5840603080302538,
                "support": 1400.0
            },
            "confusion_matrix": [
                [
                    948,
                    10
                ],
                [
                    422,
                    20
                ]
            ]
        },
        {
            "0": {
                "precision": 0.7008227374719521,
                "recall": 0.9780793319415448,
                "f1-score": 0.816557734204793,
                "support": 958.0
            },
            "1": {
                "precision": 0.6666666666666666,
                "recall": 0.09502262443438914,
                "f1-score": 0.16633663366336635,
                "support": 442.0
            },
            "accuracy": 0.6992857142857143,
            "macro avg": {
                "precision": 0.6837447020693094,
                "recall": 0.5365509781879669,
                "f1-score": 0.4914471839340797,
                "support": 1400.0
            },
            "weighted avg": {
                "precision": 0.6900391779748548,
                "recall": 0.6992857142857143,
                "f1-score": 0.6112736438909997,
                "support": 1400.0
            },
            "confusion_matrix": [
                [
                    937,
                    21
                ],
                [
                    400,
                    42
                ]
            ]
        },
        {
            "0": {
                "precision": 0.7264076130055511,
                "recall": 0.9561586638830898,
                "f1-score": 0.825597115817936,
                "support": 958.0
            },
            "1": {
                "precision": 0.697841726618705,
                "recall": 0.21945701357466063,
                "f1-score": 0.33390705679862304,
                "support": 442.0
            },
            "accuracy": 0.7235714285714285,
            "macro avg": {
                "precision": 0.7121246698121281,
                "recall": 0.5878078387288752,
                "f1-score": 0.5797520863082796,
                "support": 1400.0
            },
            "weighted avg": {
                "precision": 0.7173889545891327,
                "recall": 0.7235714285714285,
                "f1-score": 0.6703635400418386,
                "support": 1400.0
            },
            "confusion_matrix": [
                [
                    916,
                    42
                ],
                [
                    345,
                    97
                ]
            ]
        }
    ],
    "learning_rates": [
        8.000000000000001e-07,
        9.10344827586207e-07,
        1.0206896551724139e-06,
        1.1310344827586207e-06,
        1.2413793103448277e-06
    ]
}