{
    "train_loss": [
        0.6265727058478764,
        0.5861964879717145,
        0.568288825750351,
        0.5548907007489886,
        0.5438452045406614
    ],
    "val_loss": [
        0.612611706961285,
        0.5936850769953295,
        0.5748580965128812,
        0.560917276550423,
        0.5492578521370888
    ],
    "val_metrics": [
        {
            "0": {
                "precision": 0.6842857142857143,
                "recall": 1.0,
                "f1-score": 0.8125530110262935,
                "support": 958.0
            },
            "1": {
                "precision": 0.0,
                "recall": 0.0,
                "f1-score": 0.0,
                "support": 442.0
            },
            "accuracy": 0.6842857142857143,
            "macro avg": {
                "precision": 0.34214285714285714,
                "recall": 0.5,
                "f1-score": 0.40627650551314676,
                "support": 1400.0
            },
            "weighted avg": {
                "precision": 0.4682469387755102,
                "recall": 0.6842857142857143,
                "f1-score": 0.5560184175451351,
                "support": 1400.0
            },
            "confusion_matrix": [
                [
                    958,
                    0
                ],
                [
                    442,
                    0
                ]
            ]
        },
        {
            "0": {
                "precision": 0.6845493562231759,
                "recall": 0.9989561586638831,
                "f1-score": 0.8123938879456706,
                "support": 958.0
            },
            "1": {
                "precision": 0.5,
                "recall": 0.0022624434389140274,
                "f1-score": 0.0045045045045045045,
                "support": 442.0
            },
            "accuracy": 0.6842857142857143,
            "macro avg": {
                "precision": 0.592274678111588,
                "recall": 0.5006093010513986,
                "f1-score": 0.4084491962250875,
                "support": 1400.0
            },
            "weighted avg": {
                "precision": 0.6262844880441447,
                "recall": 0.6842857142857143,
                "f1-score": 0.5573316683163883,
                "support": 1400.0
            },
            "confusion_matrix": [
                [
                    957,
                    1
                ],
                [
                    441,
                    1
                ]
            ]
        },
        {
            "0": {
                "precision": 0.6926438455935907,
                "recall": 0.9926931106471816,
                "f1-score": 0.8159588159588159,
                "support": 958.0
            },
            "1": {
                "precision": 0.7407407407407407,
                "recall": 0.04524886877828054,
                "f1-score": 0.08528784648187633,
                "support": 442.0
            },
            "accuracy": 0.6935714285714286,
            "macro avg": {
                "precision": 0.7166922931671658,
                "recall": 0.518970989712731,
                "f1-score": 0.45062333122034615,
                "support": 1400.0
            },
            "weighted avg": {
                "precision": 0.707828722490048,
                "recall": 0.6935714285714286,
                "f1-score": 0.5852755527382393,
                "support": 1400.0
            },
            "confusion_matrix": [
                [
                    951,
                    7
                ],
                [
                    422,
                    20
                ]
            ]
        },
        {
            "0": {
                "precision": 0.7068062827225131,
                "recall": 0.9864300626304802,
                "f1-score": 0.8235294117647058,
                "support": 958.0
            },
            "1": {
                "precision": 0.7936507936507936,
                "recall": 0.11312217194570136,
                "f1-score": 0.19801980198019803,
                "support": 442.0
            },
            "accuracy": 0.7107142857142857,
            "macro avg": {
                "precision": 0.7502285381866534,
                "recall": 0.5497761172880907,
                "f1-score": 0.5107746068724519,
                "support": 1400.0
            },
            "weighted avg": {
                "precision": 0.7342243354584417,
                "recall": 0.7107142857142857,
                "f1-score": 0.6260470921041683,
                "support": 1400.0
            },
            "confusion_matrix": [
                [
                    945,
                    13
                ],
                [
                    392,
                    50
                ]
            ]
        },
        {
            "0": {
                "precision": 0.7160493827160493,
                "recall": 0.9686847599164927,
                "f1-score": 0.8234250221827861,
                "support": 958.0
            },
            "1": {
                "precision": 0.7115384615384616,
                "recall": 0.167420814479638,
                "f1-score": 0.27106227106227104,
                "support": 442.0
            },
            "accuracy": 0.7157142857142857,
            "macro avg": {
                "precision": 0.7137939221272555,
                "recall": 0.5680527871980654,
                "f1-score": 0.5472436466225286,
                "support": 1400.0
            },
            "weighted avg": {
                "precision": 0.7146252204585538,
                "recall": 0.7157142857142857,
                "f1-score": 0.6490362107575949,
                "support": 1400.0
            },
            "confusion_matrix": [
                [
                    928,
                    30
                ],
                [
                    368,
                    74
                ]
            ]
        }
    ],
    "learning_rates": [
        8.000000000000001e-07,
        9.10344827586207e-07,
        1.0206896551724139e-06,
        1.1310344827586207e-06,
        1.2413793103448277e-06
    ]
}